<?xml version="1.0"?>
<!--~~~~~~~~~~~~~~~~~~~~~~~~~~~~~~~~~~~~~~~~~~~~~~~~~~~~~~~~~~~~~~~~~~~~~~~~~~~~~
  ~ Copyright (c) 2015-2017 GE Digital. All rights reserved.                    ~
  ~                                                                             ~
  ~ The copyright to the computer software herein is the property of GE Digital.~
  ~ The software may be used and/or copied only with the written permission of  ~
  ~ GE Digital or in accordance with the terms and conditions stipulated in the ~
  ~ agreement/contract under which the software has been supplied.              ~
  ~~~~~~~~~~~~~~~~~~~~~~~~~~~~~~~~~~~~~~~~~~~~~~~~~~~~~~~~~~~~~~~~~~~~~~~~~~~~~-->

<ruleset xmlns:xsi="http://www.w3.org/2001/XMLSchema-instance"
    name="whizbang PMD ruleset"
    xmlns="http://pmd.sourceforge.net/ruleset/2.0.0"
    xsi:schemaLocation="http://pmd.sourceforge.net/ruleset/2.0.0 http://pmd.sourceforge.net/ruleset_2_0_0.xsd">

    <description>
        PMD rule set for APM.
    </description>

    <rule ref="rulesets/java/design.xml">
        <exclude name="ConfusingTernary"/>
        <exclude name="ImmutableField"/>
        <exclude name="UseLocaleWithCaseConversions"/>
        <exclude name="AvoidSynchronizedAtMethodLevel"/>
        <exclude name="UncommentedEmptyConstructor"/>
        <exclude name="PreserveStackTrace"/>
        <exclude name="UseCollectionIsEmpty"/>
        <exclude name="SingularField"/>
        <exclude name="AvoidReassigningParameters"/>
        <exclude name="UseVarargs"/>
    </rule>

    <rule ref="rulesets/java/braces.xml"/>
    <rule ref="rulesets/java/junit.xml"/>
    <rule ref="rulesets/java/basic.xml"/>
    <rule ref="rulesets/java/empty.xml"/>
    <rule ref="rulesets/java/finalizers.xml"/>

    <rule ref="rulesets/java/coupling.xml">
        <exclude name="ExcessiveImports"/>
        <exclude name="LoosePackageCoupling"/>
        <exclude name="LawOfDemeter"/>
    </rule>

    <rule ref="rulesets/java/logging-java.xml"/>
    <rule ref="rulesets/java/migrating_to_15.xml"/>
    <rule ref="rulesets/java/optimizations.xml">
        <exclude name="LocalVariableCouldBeFinal"/>
        <exclude name="MethodArgumentCouldBeFinal"/>
        <exclude name="AvoidInstantiatingObjectsInLoops"/>
        <exclude name="PrematureDeclaration"/>
        <exclude name="UseStringBufferForStringAppends"/>
    </rule>


    <rule ref="rulesets/java/strictexception.xml"/>
    <rule ref="rulesets/java/strings.xml"/>
    <rule ref="rulesets/java/j2ee.xml"/>

    <rule ref="rulesets/java/naming.xml">
        <exclude name="LongVariable"/>
        <exclude name="AbstractNaming"/>
        <exclude name="GenericsNaming"/>
    </rule>
</ruleset>