<?xml version="1.0" encoding="UTF-8"?>

<included>

    <include resource="org/springframework/boot/logging/logback/defaults.xml"/>

    <springProperty scope="context" name="springAppName" source="spring.application.name"/>

    <property name="CONSOLE_LOG_PATTERN"
        value="%clr(%d{yyyy-MM-dd HH:mm:ss.SSS}){faint} %clr([${springAppName:-NO_APP_NAME}]){blue} %clr([%X{tenant:-NO_TENANT}]){blue} %clr([%X{X-B3-TraceId:-NO_TRACE}:%X{X-B3-SpanId:-NO_SPAN}:%X{X-B3-ParentSpanId:-NO_SPAN_PARENT}]){blue} %clr(%5p) %clr(${PID:- }){magenta} %clr(---){faint} %clr([%15.15t]){faint} %clr(%-40.40logger{39}){cyan} %clr(:){faint} %m%n%wex"/>

    <include resource="org/springframework/boot/logging/logback/console-appender.xml"/>

    <property name="BEARER_PATTERN"
        value="'(?i)bearer [a-zA-Z0-9\\\\-_]+?\\\\.[a-zA-Z0-9\\\\-_]+?\\\\.([a-zA-Z0-9\\\\-_]+)', 'Bearer ***********'"/>

    <!-- json log to console -->
    <conversionRule
        conversionWord="stacktrace"
        converterClass="ch.qos.logback.classic.pattern.RootCauseFirstThrowableProxyConverter"/>

    <appender name="json" class="ch.qos.logback.core.ConsoleAppender">
        <encoder class="net.logstash.logback.encoder.LoggingEventCompositeJsonEncoder">
            <providers>
                <timestamp>
                    <timeZone>UTC</timeZone>
                    <fieldName>time</fieldName>
                </timestamp>
                <pattern>
                    <pattern>
                        {
                        "corr": "%X{X-B3-TraceId:-}",
                        "tnt": "%replace(%X{tenant:-}){${BEARER_PATTERN}}",
                        "appn": "%X{applicationName:-}",
                        "subj": "%X{subject:-}",
                        "oper": "%X{operation:-}",
                        "rslt": "%X{result:-}",
                        "dpmt": "%X{applicationId:-}",
                        "inst": "%X{instanceId:-}",
                        "span": "%X{X-B3-SpanId:-}",
                        "prnt": "%X{X-B3-ParentSpanId:-}",
                        "expt": "%X{X-Span-Export:-}",
                        "tid": "%thread",
                        "mod": "%logger{80}",
                        "lvl": "%level",
                        "msg": "%replace(%message){${BEARER_PATTERN}}",
                        "exception": "%replace(%stacktrace){${BEARER_PATTERN}}"
                        }
                    </pattern>
                </pattern>
            </providers>
        </encoder>
    </appender>

    <root level="INFO">
        <!--<appender-ref ref="CONSOLE"/>-->
        <appender-ref ref="json"/>
    </root>

</included>