<?xml version="1.0" encoding="UTF-8"?>
<!--~~~~~~~~~~~~~~~~~~~~~~~~~~~~~~~~~~~~~~~~~~~~~~~~~~~~~~~~~~~~~~~~~~~~~~~~~~~~~
  ~ Copyright (c) 2015-2017 GE Digital. All rights reserved.                    ~
  ~                                                                             ~
  ~ The copyright to the computer software herein is the property of GE Digital.~
  ~ The software may be used and/or copied only with the written permission of  ~
  ~ GE Digital or in accordance with the terms and conditions stipulated in the ~
  ~ agreement/contract under which the software has been supplied.              ~
  ~~~~~~~~~~~~~~~~~~~~~~~~~~~~~~~~~~~~~~~~~~~~~~~~~~~~~~~~~~~~~~~~~~~~~~~~~~~~~-->

<configuration>
    <include resource="com/ge/apm/common/logging/logback/base.xml"/>
    <logger name="org.springframework" level="INFO"/>
    <logger name="org.apache.camel" level="INFO"/>
    <logger name="com.ge.apm" level="TRACE"/>
    <logger name="com.ge.predix" level="DEBUG"/>
    <logger name="org.apache.http.impl.conn" level="INFO"/>
    <logger name="org.apache.http.wire" level="WARN"/>
    <logger name="com.ge.apm.rest.oauth2.client" level="WARN"/>
    <logger name="org.eclipse.jetty" level="${JETTY_LOG_LEVEL:-INFO}"/>
</configuration>

