<?xml version="1.0" encoding="UTF-8"?>
<settings xmlns:xsi="http://www.w3.org/2001/XMLSchema-instance"
    xmlns="http://maven.apache.org/SETTINGS/1.0.0"
    xsi:schemaLocation="http://maven.apache.org/SETTINGS/1.0.0 http://maven.apache.org/xsd/settings-1.0.0.xsd">
    <servers>
        <server>
            <id>artifactory.repo</id>
            <username>502401855</username>
            <password>AP4smeiNfTk51vLe7Yq3WWEsLGk</password>
        </server>
        <server>
            <id>devcloud-artifactory</id>
            <username>502401855</username>
            <password>AP4smeiNfTk51vLe7Yq3WWEsLGk</password>
        </server>
        <server>
            <id>artifactory.releases</id>
            <username>502401855</username>
            <password>AP4smeiNfTk51vLe7Yq3WWEsLGk</password>
        </server>
        <server>
            <id>artifactory.snapshots</id>
            <username>502401855</username>
            <password>AP4smeiNfTk51vLe7Yq3WWEsLGk</password>
        </server>
        <server>
            <id>predix.artifactory.releases</id>
            <username>502401855</username>
            <password>AP4smeiNfTk51vLe7Yq3WWEsLGk</password>
        </server>
        <server>
            <id>predix.artifactory.snapshots</id>
            <username>502401855</username>
            <password>AP4smeiNfTk51vLe7Yq3WWEsLGk</password>
        </server>
        <server>
            <id>swcoealppcr01.releases</id>
            <username>502401855</username>
            <password>AP4smeiNfTk51vLe7Yq3WWEsLGk</password>
        </server>
        <server>
            <id>swcoealppcr01.snapshots</id>
            <username>502401855</username>
            <password>AP4smeiNfTk51vLe7Yq3WWEsLGk</password>
        </server>

    </servers>
    <proxies>

        <proxy>
            <active>true</active>
            <protocol>http</protocol>
            <host>sjc1intproxy01.crd.ge.com</host>
            <port>8080</port>
            <nonProxyHosts>devcloud.swcoe.ge.com|sjc1ssadsp01.crd.ge.com|ge.com|localhost|home</nonProxyHosts>
        </proxy>
        <proxy>
            <active>true</active>
            <protocol>https</protocol>
            <host>sjc1intproxy01.crd.ge.com</host>
            <port>8080</port>
            <nonProxyHosts>devcloud.swcoe.ge.com|sjc1ssadsp01.crd.ge.com|ge.com|localhost|home</nonProxyHosts>
        </proxy>
    </proxies>
    <profiles>
        <profile>
            <repositories>
                <repository>
                    <id>artifactory.repo</id>
                    <name>artifactory.repo</name>
                    <url>https://devcloud.swcoe.ge.com/artifactory/apm-virtual</url>
                </repository>
                <repository>
                    <snapshots>
                        <enabled>false</enabled>
                    </snapshots>
                    <id>devcloud-artifactory</id>
                    <name>libs-release</name>
                    <url>https://devcloud.swcoe.ge.com/artifactory/libs-release</url>
                </repository>
                <repository>
                    <releases>
                        <enabled>true</enabled>
                        <updatePolicy>always</updatePolicy>
                    </releases>
                    <snapshots>
                        <enabled>false</enabled>
                    </snapshots>
                    <id>artifactory.releases</id>
                    <name>artifactory.releases</name>
                    <url>https://devcloud.swcoe.ge.com/artifactory/APM</url>
                </repository>
                <repository>
                    <snapshots>
                        <enabled>true</enabled>
                        <updatePolicy>always</updatePolicy>
                    </snapshots>
                    <id>artifactory.snapshots</id>
                    <name>artifactory.snapshots</name>
                    <url>https://devcloud.swcoe.ge.com/artifactory/APM-SNAPSHOT</url>
                </repository>

                <repository>
                    <releases>
                        <enabled>true</enabled>
                        <updatePolicy>always</updatePolicy>
                    </releases>
                    <snapshots>
                        <enabled>false</enabled>
                    </snapshots>
                    <id>predix.artifactory.releases</id>
                    <name>artifactory.releases</name>
                    <url>https://devcloud.swcoe.ge.com/artifactory/PREDIX</url>
                </repository>
                <repository>
                    <snapshots>
                        <enabled>true</enabled>
                        <updatePolicy>always</updatePolicy>
                    </snapshots>
                    <id>predix.artifactory.snapshots</id>
                    <name>artifactory.snapshots</name>
                    <url>https://devcloud.swcoe.ge.com/artifactory/PREDIX-SNAPSHOT</url>
                </repository>


                <repository>
                    <releases>
                        <enabled>true</enabled>
                        <updatePolicy>always</updatePolicy>
                    </releases>
                    <snapshots>
                        <enabled>false</enabled>
                    </snapshots>
                    <id>swcoealppcr01.releases</id>
                    <name>swcoealppcr01-releases</name>
                    <url>https://devcloud.swcoe.ge.com/artifactory/XEKBP</url>
                </repository>
                <repository>
                    <snapshots>
                        <enabled>true</enabled>
                        <updatePolicy>always</updatePolicy>
                    </snapshots>
                    <id>swcoealppcr01.snapshots</id>
                    <name>swcoealppcr01.snapshots</name>
                    <url>https://devcloud.swcoe.ge.com/artifactory/XEKBP-SNAPSHOT</url>
                </repository>

            </repositories>
            <pluginRepositories>
                <pluginRepository>
                    <id>artifactory.repo</id>
                    <name>artifactory.repo</name>
                    <url>https://devcloud.swcoe.ge.com/artifactory/apm-virtual</url>
                </pluginRepository>
            </pluginRepositories>
            <!-- Sonar setup for Local -->
            <!--
            <id>sonar</id>
            <activation>
                <activeByDefault>true</activeByDefault>
            </activation>
            <properties>
                <sonar.host.url>http://3.39.73.153:9000</sonar.host.url>
                <sonar.junit.reportsPath>target/surefire-reports</sonar.junit.reportsPath>
                <sonar.jacoco.reportPath>target/jacoco.exec</sonar.jacoco.reportPath>
                <sonar.java.coveragePlugin>jacoco</sonar.java.coveragePlugin>
                <sonar.dynamicAnalysis>reuseReports</sonar.dynamicAnalysis>
                <sonar.projectName>apm-asset-service-local</sonar.projectName>
            </properties>
            -->
            <!-- Sonar setup for CI -->
            <id>sonar</id>
            <activation>
                <activeByDefault>true</activeByDefault>
            </activation>
            <properties>
                <sonar.host.url>http://3.39.73.153:9000</sonar.host.url>
                <sonar.junit.reportsPath>target/surefire-reports</sonar.junit.reportsPath>
                <sonar.clover.reportPath>target/site/clover/clover.xml</sonar.clover.reportPath>
                <sonar.java.coveragePlugin>clover</sonar.java.coveragePlugin>
                <sonar.dynamicAnalysis>reuseReports</sonar.dynamicAnalysis>
                <sonar.projectName>apm-alm-CI</sonar.projectName>
            </properties>
        </profile>
    </profiles>

</settings>
