<?xml version="1.0" encoding="UTF-8"?>
<!--~~~~~~~~~~~~~~~~~~~~~~~~~~~~~~~~~~~~~~~~~~~~~~~~~~~~~~~~~~~~~~~~~~~~~~~~~~~~~
  ~ Copyright (c) 2015-2017 GE Digital. All rights reserved.                    ~
  ~                                                                             ~
  ~ The copyright to the computer software herein is the property of GE Digital.~
  ~ The software may be used and/or copied only with the written permission of  ~
  ~ GE Digital or in accordance with the terms and conditions stipulated in the ~
  ~ agreement/contract under which the software has been supplied.              ~
  ~~~~~~~~~~~~~~~~~~~~~~~~~~~~~~~~~~~~~~~~~~~~~~~~~~~~~~~~~~~~~~~~~~~~~~~~~~~~~-->

<settings
        xmlns:xsi="http://www.w3.org/2001/XMLSchema-instance"
        xsi:schemaLocation="http://maven.apache.org/SETTINGS/1.0.0 http://maven.apache.org/xsd/settings-1.0.0.xsd"
        xmlns="http://maven.apache.org/SETTINGS/1.0.0">
    <servers>
        <server>
            <id>artifactory.repo</id>
            <resourceName>502401855</resourceName>
            <password>AP6QcLck9NdWKiaSovkJgozJCip</password>
        </server>
        <server>
            <id>devcloud-artifactory</id>
            <resourceName>502401855</resourceName>
            <password>AP6QcLck9NdWKiaSovkJgozJCip</password>
        </server>
        <server>
            <id>devcloud-artifactory-release</id>
            <resourceName>502401855</resourceName>
            <password>AP6QcLck9NdWKiaSovkJgozJCip</password>
        </server>
        <server>
            <id>artifactory.releases</id>
            <resourceName>502401855</resourceName>
            <password>AP6QcLck9NdWKiaSovkJgozJCip</password>
        </server>
        <server>
            <id>artifactory.snapshots</id>
            <resourceName>502401855</resourceName>
            <password>AP6QcLck9NdWKiaSovkJgozJCip</password>
        </server>
        <server>
            <id>predix.artifactory.releases</id>
            <resourceName>502401855</resourceName>
            <password>AP6QcLck9NdWKiaSovkJgozJCip</password>
        </server>
        <server>
            <id>predix.artifactory.snapshots</id>
            <resourceName>502401855</resourceName>
            <password>AP6QcLck9NdWKiaSovkJgozJCip</password>
        </server>
    </servers>
    <proxies>

        <proxy>
            <active>true</active>
            <protocol>http</protocol>
            <host>proxy-src.research.ge.com</host>
            <port>8080</port>
            <nonProxyHosts>devcloud.swcoe.ge.com|sjc1ssadsp01.crd.ge.com|ge.com|localhost|home</nonProxyHosts>
        </proxy>
    </proxies>
    <profiles>
        <profile>
            <repositories>
                <repository>
                    <id>artifactory.repo</id>
                    <name>artifactory.repo</name>
                    <url>https://devcloud.swcoe.ge.com/artifactory/repo</url>
                </repository>
                <repository>
                    <snapshots>
                        <enabled>false</enabled>
                    </snapshots>
                    <id>devcloud-artifactory</id>
                    <name>libs-release</name>
                    <url>https://devcloud.swcoe.ge.com/artifactory/libs-release</url>
                </repository>
                <repository>
                    <releases>
                        <enabled>true</enabled>
                        <updatePolicy>always</updatePolicy>
                    </releases>
                    <snapshots>
                        <enabled>false</enabled>
                    </snapshots>
                    <id>artifactory.releases</id>
                    <name>artifactory.releases</name>
                    <url>https://devcloud.swcoe.ge.com/artifactory/APM</url>
                </repository>
                <repository>
                    <snapshots>
                        <enabled>true</enabled>
                        <updatePolicy>always</updatePolicy>
                    </snapshots>
                    <id>artifactory.snapshots</id>
                    <name>artifactory.snapshots</name>
                    <url>https://devcloud.swcoe.ge.com/artifactory/APM-SNAPSHOT</url>
                </repository>

                <repository>
                    <releases>
                        <enabled>true</enabled>
                        <updatePolicy>always</updatePolicy>
                    </releases>
                    <snapshots>
                        <enabled>false</enabled>
                    </snapshots>
                    <id>predix.artifactory.releases</id>
                    <name>artifactory.releases</name>
                    <url>https://devcloud.swcoe.ge.com/artifactory/PREDIX</url>
                </repository>
                <repository>
                    <snapshots>
                        <enabled>true</enabled>
                        <updatePolicy>always</updatePolicy>
                    </snapshots>
                    <id>predix.artifactory.snapshots</id>
                    <name>artifactory.snapshots</name>
                    <url>https://devcloud.swcoe.ge.com/artifactory/PREDIX-SNAPSHOT</url>
                </repository>

            </repositories>
            <id>sonar</id>
            <activation>
                <activeByDefault>true</activeByDefault>
            </activation>
            <properties>
                <sonar.jdbc.url>jdbc:mysql://3.39.73.57:3323/sonarqube</sonar.jdbc.url>
                <sonar.jdbc.driver>com.mysql.jdbc.Driver</sonar.jdbc.driver>
                <sonar.jdbc.resourceName>sonar</sonar.jdbc.resourceName>
                <sonar.jdbc.password>sonar</sonar.jdbc.password>
                <sonar.host.url>http://sjc1predix05.research.ge.com:9000/</sonar.host.url>
            </properties>
        </profile>
    </profiles>

</settings>
