<?xml version="1.0" encoding="UTF-8"?>
<!--~~~~~~~~~~~~~~~~~~~~~~~~~~~~~~~~~~~~~~~~~~~~~~~~~~~~~~~~~~~~~~~~~~~~~~~~~~~~~
  ~ Copyright (c) 2015-2017 GE Digital. All rights reserved.                    ~
  ~                                                                             ~
  ~ The copyright to the computer software herein is the property of GE Digital.~
  ~ The software may be used and/or copied only with the written permission of  ~
  ~ GE Digital or in accordance with the terms and conditions stipulated in the ~
  ~ agreement/contract under which the software has been supplied.              ~
  ~~~~~~~~~~~~~~~~~~~~~~~~~~~~~~~~~~~~~~~~~~~~~~~~~~~~~~~~~~~~~~~~~~~~~~~~~~~~~-->

<configuration>
    <include resource="com/ge/apm/commons/logging/logback/base.xml"/>

    <logger level="${LOG_LEVEL_NETWORK:-INFO}" name="org.springframework"/>
    <logger level="${LOG_LEVEL_NETWORK:-INFO}" name="com.ge"/>
    <logger level="${LOG_LEVEL_NETWORK:-INFO}" name="org.flywaydb"/>
    <!--Setting it to WARN since it is logging the DB credentials.-->
    <logger level="WARN" name="org.flywaydb.core.internal.dbsupport.DbSupportFactory"/>
    <logger level="${LOG_LEVEL_NETWORK:-INFO}" name="com.ge.apm.alm.persistence.jpa.converter"/>
    <logger level="${LOG_LEVEL_NETWORK:-ERROR}" name="com.ge.predix.audit.sdk"/>
    <logger level="${LOG_LEVEL_NETWORK:-ERROR}" name="com.ge.predix.eventhub"/>

</configuration>
