{
  "type": "object",
  "additionalProperties": false,
  "properties": {
    "classifications": {
      "type": "array",
      "items": {
        "type": "object",
        "additionalProperties": false,
        "properties": {
          "parent": {
            "type": "string"
          },
          "name": {
            "type": "string"
          },
          "description": {
            "type": "string"
          },
          "id": {
            "$ref": "#/definitions/id"
          },
          "metaInfo": {
            "type": "array",
            "items": {
              "type": {
                "$ref": "#/definitions/propertyDef"
              },
              "additionalProperties": false
            }
          },
          "ccomClass": {
            "type": "string",
            "enum": [
              "ENTERPRISE_TYPE",
              "SITE_TYPE",
              "SEGMENT_TYPE",
              "ASSET_TYPE"
            ]
          },
          "properties": {
            "$ref": "#/definitions/properties"
          }
        }
      }
    },
    "templateConnections": {
      "type": "array",
      "items": {
        "type": "object",
        "properties": {
          "templateId": {
            "type": "string"
          },
          "parentEntityId": {
            "type": "string"
          },
          "parentEntityCcomClass": {
            "type": "string",
            "enum": [
              "SITE",
              "SEGMENT",
              "ASSET"
            ]
          },
          "connections": {
            "type": "array",
            "items": {
              "type": "object",
              "properties": {
                "id": {
                  "type": "string"
                },
                "placeholderId": {
                  "type": "string"
                }
              },
              "required": [
                "id",
                "placeholderId"
              ]
            }
          }
        },
        "required": [
          "templateId",
          "parentEntityId",
          "parentEntityCcomClass",
          "connections"
        ]
      }
    },
    "instances": {
      "type": "array",
      "items": {
        "type": "object",
        "additionalProperties": false,
        "properties": {
          "name": {
            "type": "string"
          },
          "description": {
            "type": "string"
          },
          "id": {
            "$ref": "#/definitions/id"
          },
          "metaInfo": {
            "type": "array",
            "items": {
              "type": {
                "$ref": "#/definitions/propertyDef"
              },
              "additionalProperties": false
            }
          },
          "ccomClass": {
            "type": "string",
            "enum": [
              "ENTERPRISE",
              "SITE",
              "SEGMENT",
              "ASSET"
            ]
          },
          "classification": {
            "type": "string"
          },
          "properties": {
            "$ref": "#/definitions/properties"
          },
          "location": {
            "type": "object",
            "additionalProperties": false,
            "properties": {
              "postalAddress": {
                "type": "object",
                "additionalProperties": false,
                "properties": {
                  "street": {
                    "type": "array",
                    "items": {
                      "type": "string"
                    }
                  },
                  "city": {
                    "type": "string"
                  },
                  "state": {
                    "type": "string"
                  },
                  "zipcode": {
                    "type": "string"
                  },
                  "country": {
                    "type": "string"
                  }
                }
              },
              "geoPoints": {
                "type": "array",
                "items": {
                  "type": "object",
                  "additionalProperties": false,
                  "properties": {
                    "name": {
                      "type": "string",
                      "minLength": 1,
                      "maxLength": 65536
                    },
                    "order": {
                      "type": "number"
                    },
                    "latitude": {
                      "type": "number"
                    },
                    "longitude": {
                      "type": "number"
                    },
                    "altitude": {
                      "type": "number"
                    }
                  },
                  "required": [
                    "latitude",
                    "longitude"
                  ]
                }
              }
            }
          }
        }
      }
    },
    "tagAssociations": {
      "type": "array",
      "items": {
        "type": "object",
        "additionalProperties": false,
        "properties": {
          "monitoredEntity": {
            "type": "object",
            "additionalProperties": false,
            "properties": {
              "id": {
                "$ref": "#/definitions/id"
              },
              "ccomClass": {
                "type": "string",
                "enum": [
                  "SITE",
                  "SEGMENT",
                  "ASSET"
                ]
              }
            }
          },
          "tags": {
            "type": "array",
            "additionalProperties": false,
            "items": {
              "type": "object",
              "additionalProperties": false,
              "properties": {
                "unit": {
                  "type": "string"
                },
                "aliases": {
                  "type": "array",
                  "items": {
                    "type": "string"
                  }
                },
                "name": {
                  "type": "string"
                },
                "description": {
                  "type": "string"
                },
                "id": {
                  "$ref": "#/definitions/id"
                },
                "metaInfo": {
                  "type": "array",
                  "items": {
                    "type": {
                      "$ref": "#/definitions/propertyDef"
                    },
                    "additionalProperties": false
                  }
                },
                "classification": {
                  "type": "string"
                },
                "properties": {
                  "$ref": "#/definitions/properties"
                },
                "nextRelatedTag": {
                  "type": "object",
                  "additionalProperties": false,
                  "properties": {
                    "id": {
                      "type": "string"
                    }
                  }
                }
              }
            }
          }
        }
      }
    },
    "groups": {
      "type": "array",
      "items": {
        "type": "object",
        "additionalProperties": false,
        "properties": {
          "name": {
            "type": "string"
          },
          "description": {
            "type": "string"
          },
          "id": {
            "$ref": "#/definitions/id"
          },
          "associatedEntityCcomClass": {
            "type": "string",
            "enum": [
              "ENTERPRISE",
              "SITE",
              "SEGMENT",
              "ASSET",
              "ENTERPRISE_TYPE",
              "SITE_TYPE",
              "SEGMENT_TYPE",
              "ASSET_TYPE",
              "TAG",
              "TAG_TYPE"
            ]
          },
          "ccomClass": {
            "type": "string",
            "enum": [
              "GROUP"
            ]
          },
          "associatedEntityIds": {
            "type": "array",
            "items": {
              "type": "string"
            }
          },
          "properties": {
            "$ref": "#/definitions/properties"
          }
        }
      }
    },
    "templates": {
      "type": "array",
      "items": {
        "type": "object",
        "additionalProperties": false,
        "properties": {
          "id": {
            "$ref": "#/definitions/id"
          },
          "name": {
            "type": "string"
          },
          "description": {
            "type": "string"
          },
          "revision": {
            "type": "string"
          },
          "version": {
            "type": "string"
          },
          "owner": {
            "type": "string"
          },
          "originCode": {
            "type": "string"
          },
          "notes": {
            "type": "array",
            "items": {
              "type": "object",
              "properties": {
                "id": {
                  "type": "string"
                },
                "content": {
                  "type": "string"
                },
                "createdBy": {
                  "type": "string"
                }
              }
            }
          },
          "ccomClass": {
            "type": "string",
            "enum": [
              "TEMPLATE"
            ]
          },
          "properties": {
            "$ref": "#/definitions/properties"
          },
          "reservedProperties": {
            "type": "object",
            "properties": {
              "state": {
                "type": "string",
                "enum": [
                  "Draft",
                  "Review",
                  "Published"
                ]
              },
              "status": {
                "type": "string"
              }
            },
            "required": [
              "state",
              "status"
            ]
          },
          "placeholders": {
            "type": "array",
            "items": {
              "type": "object",
              "properties": {
                "id": {
                  "type": "string"
                },
                "name": {
                  "type": "string"
                },
                "description": {
                  "type": "string"
                },
                "placeholderId": {
                  "type": "string"
                },
                "properties": {
                  "type": "array",
                  "items": {
                    "type": "object",
                    "properties": {
                      "id": {
                        "type": "string"
                      },
                      "value": {
                        "type": "array",
                        "items": {
                          "type": "string"
                        }
                      },
                      "type": {
                        "type": "string"
                      }
                    },
                    "required": [
                      "id",
                      "value",
                      "type"
                    ]
                  }
                },
                "assetTypeAssociations": {
                  "type": "array",
                  "items": {
                    "type": "object",
                    "properties": {
                      "id": {
                        "type": "string"
                      },
                      "ccomClass": {
                        "type": "string"
                      },
                      "isPrimary": {
                        "type": "null"
                      },
                      "status": {
                        "type": "string"
                      }
                    },
                    "required": [
                      "id",
                      "ccomClass",
                      "isPrimary",
                      "status"
                    ]
                  }
                },
                "tagTypeAssociations": {
                  "type": "array",
                  "items": {
                    "type": "object",
                    "properties": {
                      "id": {
                        "type": "string"
                      },
                      "ccomClass": {
                        "type": "string"
                      }
                    },
                    "required": [
                      "id",
                      "ccomClass"
                    ]
                  }
                },
                "placeholders": {
                  "type": "array",
                  "items": {
                    "type": "object",
                    "properties": {
                      "id": {
                        "type": "string"
                      },
                      "name": {
                        "type": "string"
                      },
                      "description": {
                        "type": "null"
                      },
                      "placeholderId": {
                        "type": "string"
                      },
                      "properties": {
                        "type": "array",
                        "items": {
                          "type": "object",
                          "properties": {
                            "id": {
                              "type": "string"
                            },
                            "value": {
                              "type": "array",
                              "items": {
                                "type": "string"
                              }
                            },
                            "type": {
                              "type": "string"
                            }
                          },
                          "required": [
                            "id",
                            "value",
                            "type"
                          ]
                        }
                      },
                      "assetTypeAssociations": {
                        "type": "array",
                        "items": {
                          "type": "object",
                          "properties": {
                            "id": {
                              "type": "string"
                            },
                            "ccomClass": {
                              "type": "string"
                            },
                            "isPrimary": {
                              "type": "boolean"
                            },
                            "status": {
                              "type": "string"
                            }
                          },
                          "required": [
                            "id",
                            "ccomClass",
                            "isPrimary",
                            "status"
                          ]
                        }
                      },
                      "tagTypeAssociations": {
                        "type": "array",
                        "items": {
                          "type": "object",
                          "properties": {
                            "id": {
                              "type": "string"
                            },
                            "ccomClass": {
                              "type": "string"
                            }
                          },
                          "required": [
                            "id",
                            "ccomClass"
                          ]
                        }
                      }
                    }
                  }
                }
              }
            }
          }
        }
      }
    },
    "connections": {
      "type": "array",
      "items": {
        "type": "object",
        "additionalProperties": false,
        "properties": {
          "from": {
            "type": "object",
            "additionalProperties": false,
            "properties": {
              "id": {
                "$ref": "#/definitions/id"
              },
              "ccomClass": {
                "type": "string",
                "enum": [
                  "SITE",
                  "SEGMENT",
                  "ASSET"
                ]
              }
            }
          },
          "to": {
            "type": "array",
            "items": {
              "type": "object",
              "additionalProperties": false,
              "properties": {
                "id": {
                  "$ref": "#/definitions/id"
                },
                "ccomClass": {
                  "type": "string",
                  "enum": [
                    "ENTERPRISE",
                    "SITE",
                    "SEGMENT",
                    "ASSET"
                  ]
                },
                "type": {
                  "type": "string"
                }
              }
            }
          }
        }
      }
    },
    "tags": {
      "type": "array",
      "items": {
        "type": "object",
        "additionalProperties": false,
        "properties": {
          "name": {
            "type": "string"
          },
          "description": {
            "type": "string"
          },
          "id": {
            "$ref": "#/definitions/id"
          },
          "metaInfo": {
            "type": "array",
            "items": {
              "type": {
                "$ref": "#/definitions/propertyDef"
              },
              "additionalProperties": false
            }
          },
          "unitGroup": {
            "type": "string"
          },
          "properties": {
            "$ref": "#/definitions/properties"
          }
        }
      }
    },
    "definitions": {
      "id": {
        "type": "string",
        "pattern": "^[a-zA-Z0-9 _\\-\\.]+$"
      },
      "properties": {
        "type": "array",
        "items": {
          "type": "object",
          "additionalProperties": false,
          "properties": {
            "uom": {
              "type": "string"
            },
            "id": {
              "$ref": "#/definitions/id"
            },
            "type": {
              "type": "string"
            },
            "value": {
              "type": "array"
            }
          }
        }
      },
      "propertyDef": {
        "id": {
          "type": "string"
        },
        "type": {
          "type": "string"
        }
      }
    }
  }
}
