<?xml version="1.0" encoding="UTF-8"?>

<!--~~~~~~~~~~~~~~~~~~~~~~~~~~~~~~~~~~~~~~~~~~~~~~~~~~~~~~~~~~~~~~~~~~~~~~~~~~~~~
  ~ Copyright (c) 2015-2017 GE Digital. All rights reserved.                    ~
  ~                                                                             ~
  ~ The copyright to the computer software herein is the property of GE Digital.~
  ~ The software may be used and/or copied only with the written permission of  ~
  ~ GE Digital or in accordance with the terms and conditions stipulated in the ~
  ~ agreement/contract under which the software has been supplied.              ~
  ~~~~~~~~~~~~~~~~~~~~~~~~~~~~~~~~~~~~~~~~~~~~~~~~~~~~~~~~~~~~~~~~~~~~~~~~~~~~~-->

<beans xmlns:xsi="http://www.w3.org/2001/XMLSchema-instance"
       xmlns="http://www.springframework.org/schema/beans"
       xmlns:security="http://www.springframework.org/schema/security"
       xmlns:oauth="http://www.springframework.org/schema/security/oauth2"
       xsi:schemaLocation="
        http://www.springframework.org/schema/beans http://www.springframework.org/schema/beans/spring-beans.xsd
        http://www.springframework.org/schema/security http://www.springframework.org/schema/security/spring-security.xsd
        http://www.springframework.org/schema/security/oauth2 http://www.springframework.org/schema/security/spring-security-oauth2-2.0.xsd">

    <security:authentication-manager/>
    <oauth:resource-server id="oauth2ResourceServerFilter" token-services-ref="authnTokenServices"/>
    <security:http disable-url-rewriting="true"
                   entry-point-ref="authnEntryPoint"
                   pattern="/**"
                   request-matcher="ant"
                   use-expressions="true">

        <security:expression-handler ref="stufSecurityExpressionHandler"/>

        <security:intercept-url pattern="/v1/notify" method="POST" access="hasInstanceAccessAuthority()" />
        <security:intercept-url pattern="/loggers" method="GET" access="hasInstanceAccessAuthority()"/>
        <security:intercept-url pattern="/loggers/*" method="GET" access="hasInstanceAccessAuthority()"/>
        <security:intercept-url pattern="/loggers/*" method="POST" access="hasInstanceAccessAuthority()"/>
        <security:intercept-url pattern="/**" access="!isAcsEnabled() or isAcsAuthorized()"/>

        <security:anonymous enabled="false"></security:anonymous>
        <security:csrf disabled="true"></security:csrf>

        <security:custom-filter ref="stufContextFilter" position="FIRST"/>
        <security:custom-filter ref="tenantContextFilter" after="FIRST"/>
        <security:custom-filter ref="oauth2ResourceServerFilter" position="PRE_AUTH_FILTER"/>

    </security:http>

</beans>