{
  "EnterpriseType": "Enterprise Classifications",
  "Enterprise": "Enterprise Instances",
  "Enterpriseconnections": "Enterprise Connections",
  "SiteType": "Site Classifications",
  "Site": "Site Instances",
  "Siteconnections": "Site Connections",
  "SegmentType": "Segment Classifications",
  "Segment": "Segment Instances",
  "Segmentconnections": "Segment Connections",
  "AssetType": "Asset Classifications",
  "Asset": "Asset Instances",
  "Assetconnections": "Asset Connections",
  "connections": "Connections",
  "Group": "Group Instances",
  "GroupAssociation": "Group Members",
  "InstanceGroupMap": "Asset Group Associations",
  "MeasurementLocationType": "Tag Classifications",
  "MeasurementLocation": "Tag Instances",
  "Template": "Template Instances",
  "TemplateConnection": "Template Connections"
}