<?xml version="1.0"?>
<!--~~~~~~~~~~~~~~~~~~~~~~~~~~~~~~~~~~~~~~~~~~~~~~~~~~~~~~~~~~~~~~~~~~~~~~~~~~~~~
  ~ Copyright (c) 2015-2017 GE Digital. All rights reserved.                    ~
  ~                                                                             ~
  ~ The copyright to the computer software herein is the property of GE Digital.~
  ~ The software may be used and/or copied only with the written permission of  ~
  ~ GE Digital or in accordance with the terms and conditions stipulated in the ~
  ~ agreement/contract under which the software has been supplied.              ~
  ~~~~~~~~~~~~~~~~~~~~~~~~~~~~~~~~~~~~~~~~~~~~~~~~~~~~~~~~~~~~~~~~~~~~~~~~~~~~~-->

<!DOCTYPE module PUBLIC
    "-//Puppy Crawl//DTD Check Configuration 1.3//EN"
    "http://www.puppycrawl.com/dtds/configuration_1_3.dtd">

<!--
    Checkstyle configuration that checks the Google coding conventions from Google Java Style
    that can be found at https://google.github.io/styleguide/javaguide.html.
    Checkstyle is very configurable. Be sure to read the documentation at
    http://checkstyle.sf.net (or in your downloaded distribution).
    To completely disable a check, just comment it out or delete it from the file.
    Authors: Max Vetrenko, Ruslan Diachenko, Roman Ivanov.
 -->

<module name="Checker">
    <property name="charset" value="UTF-8"/>

    <property name="severity" value="error"/>

    <property name="fileExtensions" value="java, properties, xml"/>
    <!-- Checks for whitespace                               -->
    <module name="FileTabCharacter">
        <property name="eachLine" value="true"/>
    </module>

    <!-- GE Specific Begin -->
    <!-- <module name="LambdaHandler"/> -->
    <module name="UniqueProperties"/>
    <module name="RegexpHeader">
        <property name="headerFile" value="${checkstyle.header.file}"/>
        <property name="fileExtensions" value="java"/>
    </module>
    <module name="SuppressWarningsFilter"/>
    <!-- GE Specific End -->

    <module name="TreeWalker">
        <!-- GE Specific Begin -->

        <!-- Checks that a token is followed by whitespace. -->
        <module name="WhitespaceAfter"/>
        <!-- Checks the distance between declaration of variable and its first usage. -->
        <module name="VariableDeclarationUsageDistance"/>
        <!-- Checks for unused import statements. -->
        <module name="UnusedImports"/>
        <!-- Checks that an overriding finalize() method invokes super.finalize(). Does not check native methods, as they have no possible java defined implementation. -->
        <module name="SuperFinalize"/>
        <!-- Checks that an overriding clone() method invokes super.clone() -->
        <module name="SuperClone"/>
        <!-- Checks that string literals are not used with == or !=. -->
        <module name="StringLiteralEquality"/>
        <!-- Checks that non-whitespace characters are separated by no more than one whitespace. Separating characters by tabs or multiple spaces will be reported. -->
        <module name="SingleSpaceSeparator"/>
        <module name="SimplifyBooleanReturn"/>
        <!-- Checks for over-complicated boolean return statements -->
        <module name="SimplifyBooleanExpression"/>
        <!-- Checks for braces around code blocks. -->
        <module name="NeedBraces"/>
        <!-- Check for ensuring that for loop control variables are not modified inside the for block.  -->
        <!-- <module name="ModifiedControlVariable"/> -->
        <!-- Checks that switch statement has a "default" clause. -->
        <module name="MissingSwitchDefault"/>
        <!-- Verifies that the java.lang.Override annotation is present when the {@inheritDoc} javadoc tag is present. -->
        <module name="MissingOverride"/>
        <!-- Checks the padding between the identifier of a method definition, constructor definition, method call, or constructor invocation; and the left parenthesis of the parameter list. That is, if the identifier and left parenthesis are on the same line, checks whether a space is required immediately after the identifier or such a space is forbidden. If they are not on the same line, reports an error, unless configured to allow line breaks. To allow linebreaks after the identifier, set property allowLineBreaks to true. -->
        <module name="MethodParamPad"/>
        <!-- Checks that local, non-final variable names conform to a format specified by the format property. -->
        <module name="LocalVariableName"/>
        <!-- Checks for long lines. -->
        <module name="LineLength">
            <property name="max" value="120"/>
        </module>
        <!-- Checks correct indentation of Java Code. -->
        <!--<module name="IndentationCheck"/>-->

        <!--     Checks for illegal instantiations where a factory method is preferred.

            Rationale: Depending on the project, for some classes it might be preferable to create instances through factory methods rather than calling the constructor.

            A simple example is the java.lang.Boolean class, to save memory and CPU cycles it is preferable to use the predefined constants TRUE and FALSE. Constructor invocations should be replaced by calls to Boolean.valueOf().
         -->
        <module name="IllegalInstantiation"/>
        <!-- Throwing java.lang.Error or java.lang.RuntimeException is almost never acceptable. -->
        <!--<module name="IllegalThrowsCheck"/>-->
        <!-- Checks that classes that either override equals() or hashCode() also overrides the other. -->
        <module name="EqualsHashCode"/>
        <!-- Checks for fall through in switch statements Finds locations where a case contains Java code - but lacks a break, return, throw or continue statement. -->
        <module name="FallThrough"/>

        <!--     Detects empty statements (standalone ';'). Empty statements often introduce bugs that are hard to spot, such as in

            if (someCondition);
                doConditionalStuff();
            doUnconditionalStuff();
         -->
        <module name="EmptyStatement"/>
        <!-- Checks for empty line separators after header, package, all import declarations, fields, constructors, methods, nested classes, static initializers and instance initializers. -->
        <module name="EmptyLineSeparator">
            <property name="tokens" value="METHOD_DEF"/>
            <property name="allowNoEmptyLineBetweenFields" value="true"/>
            <property name="allowMultipleEmptyLines" value="false"/>
            <property name="allowMultipleEmptyLinesInsideClassMembers" value="false"/>
        </module>
        <!-- Check that the default is after all the cases in a switch statement. -->
        <module name="DefaultComesLast"/>

        <property name="tabWidth" value="4"/>
        <module name="SuppressWarningsHolder"/>
        <!-- GE Specific End -->
        <module name="OuterTypeFilename"/>
        <module name="IllegalTokenText">
            <property name="tokens" value="STRING_LITERAL, CHAR_LITERAL"/>
            <property name="format"
                value="\\u00(08|09|0(a|A)|0(c|C)|0(d|D)|22|27|5(C|c))|\\(0(10|11|12|14|15|42|47)|134)"/>
            <property name="message" value="Avoid using corresponding octal or Unicode escape."/>
        </module>
        <module name="AvoidEscapedUnicodeCharacters">
            <property name="allowEscapesForControlCharacters" value="true"/>
            <property name="allowByTailComment" value="true"/>
            <property name="allowNonPrintableEscapes" value="true"/>
        </module>
        <module name="LineLength">
            <property name="max" value="120"/>
            <property name="ignorePattern"
                value="^package.*|^import.*|a href|href|http://|https://|ftp://"/>
        </module>
        <module name="AvoidStarImport"/>
        <module name="OneTopLevelClass"/>
        <module name="EmptyBlock">
            <property name="option" value="TEXT"/>
            <!-- GE Added More Values -->
            <property name="tokens"
                value="LITERAL_TRY, LITERAL_FINALLY, LITERAL_IF, LITERAL_ELSE, LITERAL_SWITCH, LITERAL_CATCH, LITERAL_CASE, LITERAL_DEFAULT"/>
        </module>
        <module name="NeedBraces"/>
        <module name="LeftCurly">
            <property name="maxLineLength" value="100"/>
        </module>
        <module name="RightCurly">
            <property name="id" value="RightCurlySame"/>
            <property name="tokens"
                value="LITERAL_TRY, LITERAL_CATCH, LITERAL_FINALLY, LITERAL_IF, LITERAL_ELSE, LITERAL_DO"/>
        </module>
        <module name="RightCurly">
            <property name="id" value="RightCurlyAlone"/>
            <property name="option" value="alone"/>
            <!-- GE Added More Values -->
            <!--
            <property name="tokens"
                value="CLASS_DEF, METHOD_DEF, CTOR_DEF, LITERAL_FOR, LITERAL_WHILE, STATIC_INIT, INSTANCE_INIT, LITERAL_DO"/>
            -->
            <property name="tokens"
                value="CLASS_DEF, METHOD_DEF, CTOR_DEF, LITERAL_FOR, STATIC_INIT, INSTANCE_INIT"/>
        </module>
        <module name="WhitespaceAround">
            <property name="allowEmptyConstructors" value="true"/>
            <property name="allowEmptyMethods" value="true"/>
            <property name="allowEmptyTypes" value="true"/>
            <property name="allowEmptyLoops" value="true"/>
            <message key="ws.notFollowed"
                value="WhitespaceAround: ''{0}'' is not followed by whitespace. Empty blocks may only be represented as '{}' when not part of a multi-block statement (4.1.3)"/>
            <message key="ws.notPreceded"
                value="WhitespaceAround: ''{0}'' is not preceded with whitespace."/>
        </module>
        <module name="OneStatementPerLine"/>
        <module name="MultipleVariableDeclarations"/>
        <module name="ArrayTypeStyle"/>
        <module name="MissingSwitchDefault"/>
        <module name="FallThrough"/>
        <module name="UpperEll"/>
        <module name="ModifierOrder"/>
        <module name="EmptyLineSeparator">
            <property name="allowNoEmptyLineBetweenFields" value="true"/>
        </module>
        <module name="SeparatorWrap">
            <property name="id" value="SeparatorWrapDot"/>
            <property name="tokens" value="DOT"/>
            <property name="option" value="nl"/>
        </module>
        <module name="SeparatorWrap">
            <property name="id" value="SeparatorWrapComma"/>
            <property name="tokens" value="COMMA"/>
            <property name="option" value="EOL"/>
        </module>
        <module name="PackageName">
            <!-- GE Customized format for Package name -->
            <property name="format" value="^com\.ge\.apm(\.[a-z][a-z0-9]*)+$"/>
            <message key="name.invalidPattern"
                value="Package name ''{0}'' must match pattern ''{1}''."/>
        </module>
        <module name="TypeName">
            <message key="name.invalidPattern"
                value="Type name ''{0}'' must match pattern ''{1}''."/>
        </module>
        <!-- GE Specific Begin -->
        <module name="TypeName">
            <property name="format"
                value="^I[A-Z][a-zA-Z0-9]*$"/>
            <property name="tokens"
                value="INTERFACE_DEF"/>
            <message key="name.invalidPattern"
                value="Type name ''{0}'' must match pattern ''{1}''."/>
        </module>
        <!-- GE Specific End -->
        <module name="MemberName">
            <property name="format" value="^[a-z][a-z0-9][a-zA-Z0-9]*$"/>
            <message key="name.invalidPattern"
                value="Member name ''{0}'' must match pattern ''{1}''."/>
        </module>
        <module name="ParameterName">
            <property name="id" value="ParameterNamePublic"/>
            <property name="format" value="^[a-z][a-z0-9][a-zA-Z0-9]*$"/>
            <property name="accessModifiers" value="public"/>
            <message key="name.invalidPattern"
                value="Parameter name ''{0}'' must match pattern ''{1}''."/>
        </module>
        <module name="CatchParameterName">
            <property name="format" value="^[a-z][a-z0-9][a-zA-Z0-9]*$"/>
            <message key="name.invalidPattern"
                value="Catch parameter name ''{0}'' must match pattern ''{1}''."/>
        </module>
        <module name="LocalVariableName">
            <property name="tokens" value="VARIABLE_DEF"/>
            <property name="format" value="^[a-z][a-z0-9][a-zA-Z0-9]*$"/>
            <property name="allowOneCharVarInForLoop" value="false"/>
            <message key="name.invalidPattern"
                value="Local variable name ''{0}'' must match pattern ''{1}''."/>
        </module>
        <module name="ClassTypeParameterName">
            <property name="format" value="(^[A-Z][0-9]?)$|([A-Z][a-zA-Z0-9]*[T]$)"/>
            <message key="name.invalidPattern"
                value="Class type name ''{0}'' must match pattern ''{1}''."/>
        </module>
        <module name="MethodTypeParameterName">
            <property name="format" value="(^[A-Z][0-9]?)$|([A-Z][a-zA-Z0-9]*[T]$)"/>
            <message key="name.invalidPattern"
                value="Method type name ''{0}'' must match pattern ''{1}''."/>
        </module>
        <module name="InterfaceTypeParameterName">
            <property name="format" value="(^[A-Z][0-9]?)$|([A-Z][a-zA-Z0-9]*[T]$)"/>
            <message key="name.invalidPattern"
                value="Interface type name ''{0}'' must match pattern ''{1}''."/>
        </module>
        <module name="NoFinalizer"/>
        <module name="GenericWhitespace">
            <message key="ws.followed"
                value="GenericWhitespace ''{0}'' is followed by whitespace."/>
            <message key="ws.preceded"
                value="GenericWhitespace ''{0}'' is preceded with whitespace."/>
            <message key="ws.illegalFollow"
                value="GenericWhitespace ''{0}'' should followed by whitespace."/>
            <message key="ws.notPreceded"
                value="GenericWhitespace ''{0}'' is not preceded with whitespace."/>
        </module>
        <!--<module name="Indentation">-->
        <!-- GE Customized Value -->
        <!--<property name="basicOffset" value="4"/>
        <property name="braceAdjustment" value="0"/>-->
        <!-- GE Customized Value -->
        <!--<property name="caseIndent" value="4"/>
        <property name="throwsIndent" value="4"/>
        <property name="lineWrappingIndentation" value="4"/>-->
        <!-- GE Customized Value -->
        <!--<property name="arrayInitIndent" value="4"/>-->
        <!--</module>-->
        <module name="AbbreviationAsWordInName">
            <property name="ignoreFinal" value="false"/>
            <property name="allowedAbbreviationLength" value="1"/>
        </module>
        <module name="OverloadMethodsDeclarationOrder"/>
        <module name="VariableDeclarationUsageDistance"/>
        <module name="CustomImportOrder">
            <!-- GE Customized Value -->
            <property name="specialImportsRegExp" value="com\.ge\."/>
            <property name="sortImportsInGroupAlphabetically" value="true"/>
            <property name="separateLineBetweenGroups" value="true"/>
            <!-- GE Customized Value -->
            <property name="customImportOrderRules"
                value="STANDARD_JAVA_PACKAGE###THIRD_PARTY_PACKAGE###SPECIAL_IMPORTS###STATIC"/>
        </module>
        <module name="MethodParamPad"/>
        <module name="ParenPad"/>
        <module name="OperatorWrap">
            <property name="option" value="NL"/>
            <!--
            <property name="tokens"
                value="BAND, BOR, BSR, BXOR, DIV, EQUAL, GE, GT, LAND, LE, LITERAL_INSTANCEOF, LOR, LT, MINUS, MOD, NOT_EQUAL, PLUS, QUESTION, SL, SR, STAR, METHOD_REF "/>-->
            <property name="tokens"
                value="BAND, BOR, BSR, BXOR, DIV, EQUAL, GE, GT, LAND, LE, LITERAL_INSTANCEOF, LOR, LT, MINUS, MOD, NOT_EQUAL, PLUS, SL, SR, STAR, METHOD_REF "/>
        </module>
        <module name="AnnotationLocation">
            <property name="id" value="AnnotationLocationMostCases"/>
            <property name="tokens" value="CLASS_DEF, INTERFACE_DEF, ENUM_DEF, METHOD_DEF, CTOR_DEF"/>
        </module>
        <module name="AnnotationLocation">
            <property name="id" value="AnnotationLocationVariables"/>
            <property name="tokens" value="VARIABLE_DEF"/>
            <property name="allowSamelineMultipleAnnotations" value="true"/>
        </module>
        <module name="NonEmptyAtclauseDescription"/>
        <!-- <module name="JavadocTagContinuationIndentation"/> -->
        <!--     <module name="SummaryJavadoc">
              <property name="forbiddenSummaryFragments"
                value="^@return the *|^This method returns |^A [{]@code [a-zA-Z0-9]+[}]( is a )"/>
            </module>
         -->
        <module name="JavadocParagraph"/>
        <module name="AtclauseOrder">
            <property name="tagOrder" value="@param, @return, @throws, @deprecated"/>
            <property name="target"
                value="CLASS_DEF, INTERFACE_DEF, ENUM_DEF, METHOD_DEF, CTOR_DEF, VARIABLE_DEF"/>
        </module>
        <module name="JavadocMethod">
            <!-- GE Customized Value -->
            <property name="allowMissingJavadoc" value="true"/>
            <property name="scope" value="public"/>
            <property name="allowMissingParamTags" value="true"/>
            <property name="allowMissingThrowsTags" value="true"/>
            <property name="allowMissingReturnTag" value="true"/>
            <property name="minLineCount" value="2"/>
            <property name="allowedAnnotations" value="Override, Test"/>
            <property name="allowThrowsTagsForSubclasses" value="true"/>
        </module>
        <module name="MethodName">
            <property name="format" value="^[a-z][a-z0-9][a-zA-Z0-9_]*$"/>
            <message key="name.invalidPattern"
                value="Method name ''{0}'' must match pattern ''{1}''."/>
        </module>
        <module name="SingleLineJavadoc">
            <property name="ignoreInlineTags" value="false"/>
        </module>
        <module name="EmptyCatchBlock">
            <property name="exceptionVariableName" value="expected"/>
        </module>
        <module name="CommentsIndentation"/>
    </module>
</module>
